,DE,AT,SE,FR,IT,PL,ES,NL,BE,IE
2022-01-01,1007930061568.0,15017338880.0,30092786928.0,916666543552.0,0.0,224426313856.0,1351970689312.0,335689519104.0,121583789312.0,563640237056.0
2022-01-02,2760553028096.0,159463204608.0,2390288140944.3896,2038712445824.0,53716638464.0,4323664818176.0,1560275520840.0,483616096256.0,310772326400.0,114077964032.0
2022-01-03,2293235372800.0,507707990656.0,488072894224.0,6208255340032.0,788141200192.0,827857714176.0,2357774700352.0,12991919488.0,184507140480.0,328204577632.0
2022-01-04,4511403045824.0,670243540992.0,305660443159.9123,6795947828288.0,667678899128.0,2125751454208.0,2452592887560.0,203432727136.0,507312496640.0,13317006528.0
2022-01-05,1672617025472.0,1156738043904.0,88918015152.0,1229904651008.0,985228438504.0,2179260152435.3503,1227171780326.5,0.0,0.0,32263684064.0
2022-01-06,4506253120.0,316495010816.0,0.0,812894859648.0,1124993724078.0,37620645888.0,541510011884.0,0.0,0.0,896961413120.0
2022-01-07,1029651042304.0,26791617024.0,318775899328.0,455971091072.0,469408822368.0,83193303104.0,276295654656.0,61277782336.0,36448209536.0,372109142856.0
2022-01-08,913204873216.0,50957342336.0,713393489808.0,3809151275520.0,296417434760.0,932984253184.0,900744286584.0,275401042176.0,168378187776.0,1007984779328.0
2022-01-09,2881035447296.0,334876340096.0,182002153152.0,5143611285632.0,2948494996512.0,193469156352.0,4577878937536.0,360550152192.0,191988777984.0,321477179216.0
2022-01-10,0.0,0.0,0.0,0.0,0.0,0.0,0.0,0.0,0.0,0.0
2022-01-11,120277632960.0,0.0,1144236028384.0,181383472640.0,3230670029432.0,0.0,69953359488.0,323741342720.0,86548227584.0,165626290908.0
2022-01-12,180757714944.0,3008161280.0,595000657520.0,0.0,229234041872.0,291190088576.0,0.0,15446538688.484879,1206065792.0,222795997280.0
2022-01-13,369829318208.0,13536723968.0,1869323464026.0833,0.0,40700950016.0,697169581056.0,0.0,63679594560.0,0.0,0.0
2022-01-14,0.0,0.0,109384598624.0,0.0,0.0,8811360512.0,925659200.0,0.0,0.0,0.0
2022-01-15,18913044480.0,0.0,485916934624.0,0.0,0.0,0.0,2436996408.0,32054694400.0,0.0,64932454400.0
2022-01-16,809046085120.0,13259676672.0,1635124092160.0,8899483312.0,0.0,1366538597120.0,538623509664.0,89947235808.0,55797290240.0,24986690744.0
2022-01-17,1498062883840.0,10704676608.0,277453290608.0,118117847552.0,3740730496.0,2114529985024.0,294838097536.0,28313676160.0,0.0,1564076224.0
2022-01-18,0.0,0.0,2034248798944.0,244958633472.0,0.0,25821632128.0,190906225408.0,0.0,0.0,204914081760.0
2022-01-19,369839581056.0,0.0,3459751023616.0,10261306368.0,0.0,349594104832.0,13289851050.46936,75351124080.0,3289775360.0,42260510416.0
2022-01-20,37883150080.0,5227784960.0,387518830880.0,17716381184.0,54054569856.0,469028388401.8069,4193692400.0,755175296.0,0.0,5939059720.0
2022-01-21,279984025088.0,80520538880.0,5455293376.0,1799559552.0,20139203888.0,346438978560.0,0.0,74446376832.0,37398271488.0,0.0
2022-01-22,363704403904.0,210866497280.0,1614175996352.0,50492906944.0,23456853504.0,18354691328.0,0.0,4762600192.0,0.0,3432207296.0
2022-01-23,19587081088.0,174729768192.0,1790969961472.0,0.0,24556949184.0,532686140544.0,5511244032.0,202305248.0,0.0,0.0
2022-01-24,0.0,0.0,428462482528.0,0.0,2876590592.0,22395576000.0,3327979416.0,0.0,0.0,9512322920.0
2022-01-25,0.0,0.0,12310905216.0,0.0,137800688.0,0.0,3812991968.0,0.0,0.0,26120282112.0
2022-01-26,152420215040.0,0.0,1140913468672.0,0.0,0.0,44652666784.0,42730228440.0,5368164800.0,0.0,120994649152.0
2022-01-27,354398381504.0,100734189568.0,533220660464.0,109425618816.0,284205221632.0,820681321472.0,106726556176.0,68139278720.0,59089482752.0,74023930112.0
2022-01-28,35487943872.0,4452286720.0,219702772808.96307,0.0,283884364844.0,587121383513.4785,7093409632.0,199390659808.0,0.0,504873562080.0
2022-01-29,2396309407744.0,448495833088.0,3030261780480.0,462019137856.0,110835770696.0,2252670812672.0,8201397280.0,133873341824.0,183637692416.0,91322632.0
2022-01-30,0.0,0.0,920600773184.0,0.0,84883971264.0,1078918308224.0,227924695403.0,9793095744.0,0.0,154095830752.0
2022-01-31,2728250509312.0,160859775232.0,42328068064.0,721620550400.0,1826364581984.0,411205452672.0,226687474624.0,74704889264.0,23512273920.0,250581117632.0
2022-02-01,1384455781376.0,373032698880.0,507788093494.499,204983039873.28452,1572807334724.0,1217646196480.0,1640583424.0,199529715712.0,149268955136.0,109377037088.0
2022-02-02,1350181737344.0,230831496064.0,123630662976.0,77149635328.0,207181324864.0,515186889664.0,859039040.0,89101320224.0,9346852736.0,331107034752.0
2022-02-03,5045894373376.0,95182774272.0,480748322910.01636,1263202945120.0,35271510888.0,190086886016.0,1029671366506.0,394710408192.0,188200382464.0,266247250832.0
2022-02-04,1833452293376.0,132742993920.0,4394948929536.0,164137867264.0,579696893088.0,1562311877120.0,183081076902.0,461135871488.0,29200392192.0,127366229184.0
2022-02-05,65001046528.0,19740841344.0,339784214439.24774,48855347200.0,244041472775.0,537482663703.23303,214503175524.0,17186292944.0,0.0,724074914624.0
2022-02-06,8067436054528.0,352596718592.0,1086504376160.0,4492272341984.0,135522042624.0,2110727897344.0,360373498064.0,410976037632.0,394905646080.0,647784801584.0
2022-02-07,591390779392.0,577194237952.0,138025103840.0,168875969408.0,873167952576.0,855920298112.0,27480300480.0,0.0,0.0,236643062144.0
2022-02-08,7667339904.0,4650114176.0,587807318048.0,0.0,2515225856.0,144892802240.0,0.0,13753636864.0,0.0,85267664960.0
2022-02-09,0.0,0.0,0.0,0.0,0.0,0.0,0.0,0.0,0.0,0.0
2022-02-10,1006674892032.0,0.0,205621918560.0,426525567104.0,142586696.0,672860408672.0,343991628736.0,188790261760.0,113520079872.0,117232553824.0
2022-02-11,0.0,0.0,0.0,0.0,0.0,0.0,0.0,0.0,0.0,0.0
2022-02-12,159698048256.0,0.0,1437704289152.0,33057337984.0,8008256912.0,244298080768.0,216825083826.8305,171243198464.0,0.0,250592173056.0
2022-02-13,749370435395.8674,0.0,2743077884416.0,1681842342400.0,0.0,189224103936.0,2211649727904.0,512464439808.0,71328692736.0,1049145793984.0
2022-02-14,1296783344640.0,0.0,3127426107904.0,2607280838144.0,284397872564.0,469727023360.0,355847259576.0,565757173760.0,182320525312.0,11765420256.0
2022-02-15,616802048448.0,490152590336.0,532644087424.0,2488142426880.0,1663896365014.0,175861094912.0,2056966508085.5,194303184320.0,131911901184.0,1163233622784.0
2022-02-16,3838671167488.0,110026193280.0,1591177374016.0,3205067424384.0,1565981932340.5,2232690552320.0,842965764204.8306,596068907008.0,293247297536.0,99150159296.0
2022-02-17,341388876012.50586,573409518592.0,711264173184.0,602636824448.0,452501010864.0,3827601633792.0,508489647488.0,10959544772.906372,0.0,459021501232.0
2022-02-18,4605699313664.0,613580262144.0,952816468096.0,1674787159872.0,12912233920.0,130352646400.0,390487048384.0,470162862080.0,323611238400.0,420906580720.0
2022-02-19,75231386880.0,119807550464.0,799961795264.0,1330174829603.6345,1626963677472.0,480715115264.0,686089917132.6127,53875493408.0,57243136000.0,722557319264.0
2022-02-20,2905892156188.611,158257048960.0,144174716181.36334,1298421019520.0,1337868930624.0,486521897984.0,224856562560.0,475877125504.0,466674700288.0,679769366016.0
2022-02-21,2013273978624.0,865434476544.0,1595976553920.0,706806186880.0,569512758676.5,3856762492928.0,252247041400.0,5517643008.0,17266130944.0,142595330432.0
2022-02-22,1713832429568.0,25013327104.0,47317253504.0,170270758528.0,384618273572.0,315133073536.0,2104499648.0,281683378176.0,7033669120.0,356933029056.0
2022-02-23,0.0,16698625280.0,695389716025.4338,14885976576.0,13305022848.0,554545710336.0,270031116038.5,6826280960.0,0.0,27092139376.0
2022-02-24,996201218415.9829,0.0,1761279391744.0,395349168768.0,63504669892.0,82238348800.0,917862200444.0,253820808704.0,84028062720.0,188596340864.0
2022-02-25,85394055936.0,5651412992.0,777677311920.0,140410572032.0,74393676420.0,1053829524416.0,975044991739.875,10008432896.0,0.0,202411936832.0
2022-02-26,0.0,3298588928.0,81197326272.0,2442800384.0,744693354368.0,0.0,94288502524.5,18446717056.0,0.0,328405919680.0
2022-02-27,0.0,0.0,1430387729920.0,0.0,590145682720.0,0.0,86408165193.5,0.0,0.0,75695712576.0
2022-02-28,0.0,0.0,45951959520.0,789166509440.0,20483599880.0,14800916224.0,1282281537264.0,7205063184.0,0.0,399716024472.0
2022-03-01,265048779776.0,0.0,817404249508.0,1283147237184.0,10351757952.0,0.0,2576415506432.0,209073824768.0,78230720576.0,106667519552.0
2022-03-02,90172593664.0,0.0,77315694680.0,1302862211663.5425,0.0,407314112.0,421048729408.0,3709494528.0,64088604672.0,171233049328.0
2022-03-03,0.0,0.0,46653483744.0,629401445760.0,78808185344.0,5767910656.0,901842068992.0,0.0,0.0,43871884448.0
2022-03-04,0.0,0.0,3395084688.0,144267010267.05457,52770017344.0,0.0,5298900608.0,0.0,0.0,1106360432.0
2022-03-05,0.0,0.0,0.0,0.0,0.0,0.0,0.0,0.0,0.0,0.0
2022-03-06,0.0,0.0,68733117544.0,53230373504.0,5671753472.0,0.0,24220196864.0,0.0,0.0,31794980272.0
2022-03-07,0.0,0.0,739180054956.0,0.0,0.0,0.0,347246917888.0,0.0,0.0,75540621400.0
2022-03-08,0.0,0.0,480354232512.0,291948382163.1522,6815309824.0,2347579064.0,286292753750.5752,0.0,0.0,156805430320.0
2022-03-09,0.0,1783944832.0,0.0,478835920768.0,0.0,505710781120.0,1939659888640.0,0.0,0.0,1020455202816.0
2022-03-10,0.0,0.0,230605875536.0,147958804992.0,0.0,102867792.0,302730434109.0,0.0,0.0,740807012320.0
2022-03-11,0.0,0.0,655888506520.0,1625367908416.0,0.0,3456844672.0,1174339393145.0,0.0,0.0,907895722752.0
2022-03-12,115169894304.0,0.0,125634784.0,1646519103008.0,23678952047.5,16123155968.0,1589960855248.0,125310798576.0,41655526400.0,429440950368.0
2022-03-13,0.0,0.0,0.0,0.0,0.0,0.0,0.0,0.0,0.0,0.0
2022-03-14,387279279008.0,16089530112.0,71771128192.0,528304336768.0,879341568.0,0.0,1279692678950.0,192278925824.0,26162558720.0,5772239328.0
2022-03-15,756290618134.9653,379838991104.0,16452160288.0,1793867920320.0,778482341472.0,1999565100.368496,2818178757524.0,14213870976.0,38320860928.0,753961471488.0
2022-03-16,0.0,0.0,0.0,0.0,0.0,0.0,0.0,0.0,0.0,0.0
2022-03-17,2265886045824.0,358190635776.0,1149371476600.0,3985785261152.0,860468185076.0,156173099952.0,9240351953424.0,146072401408.0,187185788928.0,87141704336.0
2022-03-18,235340486144.0,96013140736.0,693391308368.0,2128383316864.0,844140113788.5,554539679808.0,3303876224784.0,0.0,0.0,63842868672.0
2022-03-19,0.0,0.0,309141118304.0,709419745364.6948,848859387056.0,0.0,1356716908504.0,0.0,0.0,3015511328.0
2022-03-20,0.0,0.0,9980095712.0,130935556864.0,650796856641.0,0.0,413542016377.31384,0.0,0.0,35252223616.0
2022-03-21,5156137344.0,0.0,1429812032.0,22862772224.0,0.0,0.0,77748009944.0,7808448640.0,0.0,106603523144.0
2022-03-22,0.0,0.0,0.0,7279489536.0,0.0,0.0,143996054706.5,0.0,0.0,36667520208.0
2022-03-23,0.0,0.0,0.0,0.0,0.0,0.0,0.0,0.0,0.0,0.0
2022-03-24,0.0,0.0,224506985216.0,0.0,0.0,0.0,788096165196.0,0.0,0.0,34066981136.0
2022-03-25,0.0,0.0,772290433048.0,55343961856.0,41572296628.0,4490160032.0,1445354634496.0,0.0,0.0,4078181016.0
2022-03-26,680611520.0,0.0,107913657472.0,141918228096.0,181075306344.0,343084461408.0,2743036439048.0,13316828608.0,0.0,8230282688.0
2022-03-27,510458528.0,0.0,1427742102448.0,353915568384.0,178731498761.5,251319857728.0,209984953992.0,0.0,0.0,241452768.0
2022-03-28,0.0,0.0,159251007168.0,370980835456.0,537684355712.0,43047522816.0,345544244102.0,793680832.0,0.0,9220324000.0
2022-03-29,275917454448.0,26488762880.0,28788325750.039215,1511489406720.0,299206336984.0,243853760288.0,815396356236.0,46435702656.0,42004159488.0,1128340452.0
2022-03-30,462183410432.0,759123218432.0,52645400192.0,1033457148224.0,3539389115136.0,604990124256.0,71785816207.0,62817103792.0,19481091520.0,47743168844.0
2022-03-31,0.0,0.0,0.0,0.0,0.0,0.0,0.0,0.0,0.0,0.0
2022-04-01,0.0,0.0,0.0,0.0,0.0,0.0,0.0,0.0,0.0,0.0
2022-04-02,0.0,0.0,0.0,0.0,0.0,0.0,0.0,0.0,0.0,0.0
2022-04-03,0.0,0.0,0.0,0.0,0.0,0.0,0.0,0.0,0.0,0.0
2022-04-04,0.0,0.0,0.0,0.0,0.0,0.0,0.0,0.0,0.0,0.0
2022-04-05,0.0,0.0,0.0,0.0,0.0,0.0,0.0,0.0,0.0,0.0
2022-04-06,0.0,0.0,0.0,0.0,0.0,0.0,0.0,0.0,0.0,0.0
2022-04-07,0.0,0.0,0.0,0.0,0.0,57920185472.0,0.0,0.0,0.0,0.0
2022-04-08,3201612872320.0,646686221312.0,2134757775424.0,3517426287232.0,251585278809.3172,442281688256.0,1545446709284.0,86959628384.0,211292904192.0,101717219024.0
2022-04-09,333863334400.0,887120934912.0,809336822496.0,431395572736.0,1168238707104.0,1409614020992.0,880202331291.4155,162285088.0,0.0,3056481132.0
2022-04-10,5435923840.0,0.0,1194386628192.0,324398493504.0,45534790690.0,0.0,482863204544.0,1971039792.0,0.0,637002725376.0
2022-04-11,214891759640.4505,0.0,454019315072.0,574790099200.0,13645730816.0,27866945664.0,1833902247272.0,103435031936.0,69659309056.0,589426396672.0
2022-04-12,850904344768.0,0.0,208480457712.0,2413538346496.0,3761616640.0,0.0,3049067640512.0,442042529792.0,108585010176.0,178696612192.0
2022-04-13,1227727576576.0,0.0,2896329908096.0,2191097205664.0,107194994726.625,684345234048.0,2629108528176.0,295777541120.0,231955456000.0,17828701822.0
2022-04-14,2468265004416.0,3965202176.0,2310354603776.0,616759694656.0,96996025598.0,1063675852992.0,780921719456.0,44478998464.0,92985925248.0,666145534464.0
2022-04-15,73398990144.0,103425242624.0,140897686432.0,75291771904.0,552282826272.0,1319375873024.0,213329722976.0,0.0,4705475456.0,51649613584.0
2022-04-16,6899743232.0,2643468032.0,1071342477728.0,0.0,841901016006.625,12726617344.0,22983161280.0,5330673984.0,4527412736.0,204707705992.0
2022-04-17,14584112128.0,7146185728.0,425765376608.0,79799098560.0,250661488512.0,111492677504.0,108993558671.71426,0.0,0.0,451617273176.0
2022-04-18,0.0,5808328704.0,128049931736.0,136481340224.0,49528401376.0,40960589184.0,68690023188.0,0.0,4791867904.0,27884605928.0
2022-04-19,234700792576.0,410847230464.0,116590363872.0,204649175792.0,100322554240.0,535584290176.0,688362449970.0,11021785792.0,47772578048.0,6257485048.0
2022-04-20,542916703744.0,0.0,4859200896.0,2151412527232.0,354196301976.0,1211296601280.0,1182860453144.0,0.0,3550704896.0,177561458272.0
2022-04-21,444520782848.0,23318110208.0,684179557.0848083,1364719947136.0,2085204684796.0,898512462336.0,1431927921487.418,0.0,1579630336.0,46680833392.0
2022-04-22,115708173824.0,1018712924160.0,51074700736.0,967076875456.0,1885115284832.0,370258197312.0,3823160105670.0,470155744.0,798644608.0,70972440992.0
2022-04-23,212141111808.0,116247095808.0,46537003032.76802,3302778645632.0,422055848960.0,104254682560.0,2152072251044.0,0.0,8731331520.0,1195939072.0
2022-04-24,1172770371584.0,336759998720.0,36122417600.0,1687056431232.0,598114581824.0,304975564288.0,77719644576.0,0.0,0.0,11318520856.0
2022-04-25,632909607424.0,100369199360.0,321137035008.0,236524209728.0,109230225856.0,1389171853696.0,64726618728.0,17180924096.0,27014025984.0,4306926876.0
2022-04-26,897304052864.0,250534509184.0,97070373632.0,34656035200.0,56044017440.0,49043071744.0,537952701244.0,2733689984.0,0.0,20187361536.0
2022-04-27,68919712000.0,414234508288.0,108368360544.0,531588570112.0,0.0,61821126048.0,2603994541120.0,0.0,0.0,38069110864.0
2022-04-28,0.0,0.0,241192069920.0,2068670652224.0,466069677480.0,29058862912.0,2727525988784.0,0.0,976707712.0,50747913373.885
2022-04-29,1257887565952.0,0.0,477624726208.0,1150249832158.9326,1404925180414.0,5585213440.0,273604912176.0,267837717248.0,209276280832.0,207892163168.0
2022-04-30,2672449993984.0,58730839552.0,484936878563.481,268265791232.0,74557955010.0,427038825728.0,268109708752.0,6605001648.0,0.0,496261358592.0
2022-05-01,373438201152.0,226031681024.0,264557833520.0,516530241696.0,740371798636.7075,448206649344.0,53951903962.83052,48750063040.0,28413005568.0,118425895744.0
2022-05-02,140899745280.0,191153102592.0,820003764624.0,660407116480.0,177044158533.0,33113355584.0,1191603975828.0,0.0,0.0,15319434272.0
2022-05-03,25467758848.0,7732920320.0,10325961040.0,561825627296.0,142604285581.86304,12543291680.0,691354137309.0,0.0,0.0,123151065520.0
2022-05-04,179412226240.0,150258993664.0,144374359864.0,647553436480.0,737224102344.0,31617259392.0,2648472092000.0,39066123712.0,6403751424.0,35065979480.0
2022-05-05,510554381760.0,184355450368.0,530960257312.0,1325312052288.0,2145183775640.0,133883756224.0,954115850232.0,15138783280.0,8888229408.0,140216401264.0
2022-05-06,1017040338304.0,1347645284352.0,420697596672.0,838282099776.0,2975994863037.0,444363311872.0,110517089146.95453,33966963808.0,0.0,441925303264.0
2022-05-07,662150066240.0,827486220288.0,591213609600.0,423242290208.0,870128562465.0,195643878848.0,126775542752.0,105567092864.0,78646336512.0,68977245052.81113
2022-05-08,328258261824.0,480591286272.0,113589673488.0,203391198976.0,491889728416.0,120468235392.0,15671935392.0,0.0,0.0,171805428352.0
2022-05-09,9106978560.0,57225894848.0,882167348352.0,87148837280.0,126234989313.0,9663015808.0,82149615125.84123,20644811664.0,4712540672.0,915131803648.0
2022-05-10,1166438469312.0,0.0,2419174823040.0,924746488416.0,44751944293.5,56287156448.0,5715534688.0,448445566976.0,205152774144.0,154622513200.0
2022-05-11,1454336671360.0,0.0,987673788224.0,33646900416.0,1106459784.0,1457410544384.0,46357917656.0,188801236480.0,52204242432.0,83776052928.0
2022-05-12,199065985408.0,2400264960.0,365910393184.0,761144732736.0,1581411.0,241302590784.0,656230355601.0,0.0,0.0,351933874896.0
2022-05-13,557905460416.0,389715085312.0,171377309472.0,345565893696.0,57400778592.0,505021937152.0,169545891070.0,111084761600.0,26805130496.0,95792620368.0
2022-05-14,0.0,0.0,602746493280.0,378960827392.0,72246976672.0,122581808512.0,648869322304.0,0.0,0.0,46008680176.0
2022-05-15,2361526528.0,0.0,23885395360.0,1129417535680.0,8947117216.0,0.0,710185763092.0,22107587552.0,16011962368.0,66980569732.0
2022-05-16,790364922240.0,115988276352.0,73266061056.0,1159302124992.0,124585328784.0,42951296640.0,128472404352.0,149929397760.0,96660532224.0,328138399616.0
2022-05-17,1526550296512.0,269346861568.0,150833331216.0,183583247360.0,120301516416.0,417393502464.0,118981875072.0,53618390688.0,34248965376.0,397575251824.0
2022-05-18,447080182848.0,0.0,277212261216.0,336914237504.0,9252675808.0,0.0,379076246368.0,49545336448.0,36428392448.0,290878939840.0
2022-05-19,925575500864.0,0.0,536668347696.0,1075819360000.0,20483785024.0,211130753344.0,341501062266.7455,379470666752.0,265735073792.0,88440054976.0
2022-05-20,1488650442368.0,325861025792.0,862994380432.0,1084189919488.0,7611910400.0,762935258176.0,410901827002.0,439189757952.0,168729769984.0,205707621128.0
2022-05-21,182966212352.0,500932251648.0,1703177204064.0,121704306444.4523,70322472960.0,1876665413632.0,1317199866592.7456,11182995328.0,17836083840.0,269470089216.0
2022-05-22,130739940224.0,10549198464.0,550093061376.0,1748651316352.0,181821140672.0,476221721856.0,1255119203883.2363,38937636384.0,3277304064.0,149595739952.0
2022-05-23,1276278580416.0,166546193408.0,84503130700.06146,2756773368704.0,433720692544.0,90618768816.0,111442437520.0,133772606976.0,235745277952.0,66316664772.0
2022-05-24,1265389547264.0,473336907776.0,717406517688.0,960593059968.0,72759904416.0,687796377024.0,1449303927300.0,69599626272.0,33008621056.0,118087596096.0
2022-05-25,774538316224.0,589797567488.0,287434193696.0,467801458560.0,409978044090.0,2221652220928.0,619964819696.0,42674756096.0,11803821824.0,43830466186.46893
2022-05-26,195667557888.0,0.0,650612238624.0,120168916096.0,524476104098.0,31426718336.0,54612717024.0,22374800000.0,19553623040.0,80974923008.0
2022-05-27,489367264320.0,7911421952.0,875206292992.0,175975262528.0,1140275617848.0,1049393709376.0,31753150976.0,2355964960.0,14059789472.0,2538083184.0
2022-05-28,123469382784.0,105285770112.0,1390582957312.0,67149636780.4523,421885292080.0,215133328320.0,9008801088.0,0.0,0.0,40765855080.0
2022-05-29,366782478912.0,345673043200.0,583683736768.0,47090035072.0,395199721437.625,454432572032.0,26356735548.0,1486680064.0,0.0,13817349728.0
2022-05-30,437036035264.0,12456001408.0,358904286800.0,112387063296.0,93964606704.5,1865493372416.0,427442836972.6346,2059106288.0,956448928.0,5996777120.0
2022-05-31,125026468736.0,72910954496.0,1133047345376.0,936015915584.0,156283941290.87442,40442090496.0,730711432192.0,17227848656.0,29738173440.0,81809150752.0
2022-06-01,422027650240.0,273078045696.0,1452134150864.0,745045614586.2894,35873192320.0,1672436512512.0,972386817216.0,51357092160.0,2015933440.0,14210566560.0
2022-06-02,186110360224.0,87803709440.0,1177319254912.0,926307613553.146,110512019608.0,567329707712.0,407175701538.0,16609414784.0,0.0,96841730016.0
2022-06-03,381908896128.0,193801888768.0,1551775635232.0,2988919999744.0,893804284098.3267,1528427392.0,1008925839444.0,2832991200.0,72514774016.0,8820245368.0
2022-06-04,852750945536.0,314326069248.0,490735029040.0,2097742921472.0,191109014592.0,1147689602944.0,245541683727.0,13891151424.0,141094776832.0,80065524224.0
2022-06-05,1672155793792.0,112322861824.0,641332843104.0,2655696368832.0,511501650612.0,224630628096.0,349455598448.0,408180157440.0,526487027712.0,115344973088.0
2022-06-06,1585285635456.0,690609565696.0,496310309376.0,1034635829472.0,146172368446.0,555429338880.0,512519700366.375,343087901184.0,77936915456.0,123723612872.0
2022-06-07,1278261712896.0,1131482250240.0,564643091040.0,278193519808.0,571875699961.0,686077730944.0,702023243600.0,27961570496.0,35661170624.0,261157811376.0
2022-06-08,505048370944.0,530314005504.0,788763230944.0,3928120420608.0,584429009935.5,1601393764032.0,1415660738781.0,122819455744.0,317284810752.0,81898808080.0
2022-06-09,1345691403264.0,705143144448.0,793825353872.0,341438599200.0,1957925720648.0,1133965081088.0,77644071680.0,139553169408.0,1007966656.0,118593668048.0
2022-06-10,120976267520.0,579414640768.0,594888021824.0,0.0,465964625709.0,1187909652480.0,39247968185.0,0.0,642133760.0,50999124672.0
2022-06-11,0.0,0.0,379128701792.0,0.0,36619738240.0,46115100160.0,212936270139.0,0.0,0.0,78861066880.0
2022-06-12,1644671680.0,0.0,178728292304.0,368092348864.0,4665010048.0,22468547328.0,397045172336.0,619836880.0,0.0,6821047728.0
2022-06-13,741516768256.0,179569263616.0,596186229176.0,504622574592.0,120669868240.0,1981027731712.0,112421295190.75,24444619840.0,8063733760.0,183009218144.0
2022-06-14,256183813792.0,95277925504.0,260533376624.0,21942231040.0,20223923472.0,199719234560.0,324298274776.0,78088575616.0,0.0,308506381696.0
2022-06-15,58802672640.0,0.0,336109055632.0,589612938368.0,112161471872.0,101372055936.0,927827660164.0,27494409728.0,0.0,179581662944.0
2022-06-16,429275439680.0,281937935872.0,614886985920.0,369487029120.0,179302153176.0,575001881216.0,1607598598022.75,50438571536.0,2238710848.0,680321994560.0
2022-06-17,692421740064.0,19446187264.0,155166655024.0,154099024832.0,1011731609382.0,346226367104.0,779572594002.0,309835565056.0,67049187328.0,451671494048.0
2022-06-18,116322801024.0,14561708288.0,1766585672832.0,419919847472.0,95427762720.0,1160374655552.0,774031596124.0,47452040512.0,11794509184.0,547131169664.0
2022-06-19,758951034176.0,0.0,1056622904464.0,2423010117568.0,0.0,164859129472.0,1410153984512.0,223505973760.0,260364891776.0,20131487456.0
2022-06-20,1223636555712.0,167590158336.0,102890112816.0,1614529636224.0,0.0,1879131022848.0,600405264310.0,12454550016.0,231810406400.0,61530824448.367935
2022-06-21,162285634560.0,31756161792.0,1494780315088.0,2566704002432.0,74027471613.5,750218236800.0,849494434169.5,9623517584.0,47624217216.0,183236842576.0
2022-06-22,1100533242624.0,1180556929536.0,1115774376960.0,4411534114176.0,715756076195.0,122124530560.0,811662390016.0,1642030208.0,20227213312.0,22964530216.0
2022-06-23,47010724224.0,220701122560.0,2539498880800.0,1415812514410.6514,598694754168.0,39139199488.0,554568371360.0,572900928.0,0.0,21211048576.0
2022-06-24,1188940692480.0,207425110016.0,197077050544.0,2449085215232.0,279117018688.0,881642176.0,514602813216.0,301667691520.0,290705244160.0,701174218880.0
2022-06-25,757867927744.0,575273154816.0,14157323072.0,1971837066880.0,232616034240.0,10080187264.0,453962194799.5,29367918960.0,76602388416.0,408013217152.0
2022-06-26,699037153728.0,11200861824.0,143519623232.0,2587528160768.0,3108148176.0,0.0,81722699021.47464,253044317184.0,110382572992.0,352299784192.0
2022-06-27,2754124816896.0,45153918976.0,259198251072.0,2314828459200.0,4013158376.0,31870205184.0,332992864682.0,466137794048.0,192158756864.0,222060886656.0
2022-06-28,1358915301888.0,1006850572288.0,874902916704.0,779998781888.0,799814886720.0,894470209280.0,65043913192.97464,4681886528.0,0.0,371706073184.0
2022-06-29,1143305835712.0,585270443776.0,834302955984.0,842413649920.0,422996587212.0,449185804576.0,443943802560.0,7623961024.0,6589920256.0,122358033348.0
2022-06-30,458431884324.9287,243563295744.0,283660861152.0,3084452868480.0,31595787008.0,1268728596608.0,448640841920.0,47201239520.0,114016963584.0,68462468416.0
2022-07-01,2301981521408.0,293028480128.0,1329334757696.0,512879314688.0,549174276256.0,947783517696.0,12488652928.0,193509602588.0,14057868384.0,155931809176.0
2022-07-02,74025963616.0,2008225024.0,1222085180048.0,75597637712.0,15222174872.0,1471362114944.0,74120023778.0,449149232.0,1007120512.0,42786108640.0
2022-07-03,152531763504.0,0.0,429582715152.0,53972504384.0,107322431152.0,98043800960.0,757745073592.0,5958457304.0,1511732672.0,33243998096.0
2022-07-04,387089549824.0,506892746752.0,1114476634640.0,1138297463552.0,523037108940.0,266609799968.0,44574138602.75,40032728800.0,402848224.0,15839381376.0
2022-07-05,127390960224.0,733692654080.0,1298266222528.0,2340424960.0,150306191065.0,954216138176.0,98786878441.0,8688300688.0,0.0,41779582674.0
2022-07-06,112322094208.0,17226249600.0,714307826416.0,242917022144.0,338029851440.0,1328715518176.0,1106244596343.0,103190380928.0,27575295104.0,71995637396.0
2022-07-07,1096986792320.0,533267924608.0,1230565964448.0,67843096320.0,408248957460.0,479282685536.0,39054279904.0,8955247928.0,0.0,628107992.0
2022-07-08,4713578304.0,204577953536.0,1054847726528.0,10363898816.0,1008974552152.0,875115513216.0,0.0,2549058456.0,100712056.0,13946768842.0
2022-07-09,793507044768.0,7324455040.0,2150287505280.0,70037618896.0,36776098724.0,540986760608.0,0.0,60222463008.0,7331961008.0,14874363568.0
2022-07-10,101849069344.0,235421920256.0,1398617271648.0,0.0,162180239360.0,404467928320.0,0.0,5667496216.0,0.0,1823380520.0
2022-07-11,5374514784.0,23202358720.0,146055698328.0,0.0,11721002496.0,462872368320.0,92926555808.0,14797981208.0,177320832.0,393725144080.0
2022-07-12,354318718240.0,4765180864.0,25676884736.0,85440890848.0,171295923392.0,1754332842944.0,27543522316.0,269297693696.0,58219251712.0,320340106384.0
2022-07-13,1010591504512.0,2061322432.0,1514222274880.0,277671401152.0,260563052388.0,874271569664.0,109051833376.0,32209410376.0,85212791808.0,70459098420.0
2022-07-14,800132051456.0,213557192320.0,1512477332048.0,128647254848.0,159459407424.0,219911457472.0,100001374496.0,11552178960.0,21785170816.0,74730697548.0
2022-07-15,49955811456.0,163697398784.0,1200879725240.0,46775082880.0,14782290432.0,630687045152.0,667412015232.0,68685058816.0,3563022208.0,46164971374.0
2022-07-16,193441856160.0,3854846976.0,2306208521472.0,56557918208.0,31178239616.0,1218242758528.0,281630692608.0,3633640536.0,950703640.0,261782732474.0
2022-07-17,93633255872.0,0.0,1343602835328.0,45651126688.0,9109776384.0,219619257184.0,105956017552.0,138311861432.0,9239787136.0,329807283440.0
2022-07-18,1211902313088.0,15398866560.0,1592639743936.0,19076131344.0,153331197216.0,1359909705792.0,225535402240.0,128284153464.0,571245888.0,138603830522.0
2022-07-19,1513720064.0,0.0,536162430352.0,245526379136.0,19262331648.0,943403463424.0,172624055456.0,2103683344.0,0.0,463685417280.0
2022-07-20,23068430976.0,11045727232.0,627798179800.0,1089627584384.0,23572505792.0,5305380928.0,2334344208.0,5690098432.0,19891130624.0,529032536.0
2022-07-21,963140389408.0,39582944192.0,1320816602996.0,35446419360.0,25226542400.0,361326784.0,33920322056.0,272942277632.0,71813048320.0,150799320580.0
2022-07-22,377971675968.0,33516381952.0,1773557447680.0,591065308896.0,700154688.0,306025762848.0,163345608500.0,10441185824.0,55381847040.0,179303804432.0
2022-07-23,1060035181280.0,644376967168.0,920297665792.0,380323175648.0,365796476544.0,894983865280.0,13128281552.0,22212717076.0,1572448480.0,258011701608.0
2022-07-24,214173483136.0,188776987904.0,970980782008.0,2914442880.0,96280077888.0,342653956640.0,67490706736.0,80250747616.0,1858256080.0,142782864544.0
2022-07-25,1057422556992.0,0.0,2984841927168.0,383788820608.0,16138990272.0,222902898112.0,30096801216.0,180283877632.0,31236001024.0,4559080262.0
2022-07-26,781494834304.0,994576408576.0,2441662734752.0,15796547136.0,157856871744.0,2214600773760.0,2050946560.0,414900352.0,2729746752.0,64363679272.0
2022-07-27,227922717504.0,200384705024.0,1172246130976.0,344276965472.0,992649398304.0,280302107328.0,208560307104.0,195746008.0,1851775104.0,485328937216.0
2022-07-28,156092833280.0,9133493696.0,532714224304.0,1170448132672.0,189017650720.0,255555574816.0,498736027360.0,30755653376.0,55777097216.0,136403129808.0
2022-07-29,1299016455712.0,331599428608.0,61466919776.0,1972447137136.0,408844126080.0,351201169472.0,204234603648.0,108743067136.0,35197474560.0,195517533024.0
2022-07-30,1201670013824.0,695636443392.0,68910486864.0,112991071984.0,372408656352.0,1918565658000.0,142885601550.0,79413258688.0,50663496704.0,203335772628.0
2022-07-31,789162424256.0,120544212800.0,479718599296.0,72439593152.0,17881214496.0,3674935989440.0,37044659672.0,190717836800.0,63149701120.0,5829639624.0
2022-08-01,210164190976.0,140119891456.0,1356077725872.0,485921306752.0,2543251840.0,613710987264.0,35454692709.0,995270352.0,15027592192.0,482287260544.0
2022-08-02,380537670784.0,261584680320.0,1397730901488.0,193171657920.0,359869917072.0,21701845184.0,42082439680.0,224469998592.0,70891155456.0,177803054976.0
2022-08-03,118526388096.0,0.0,1071532667040.0,25123531040.0,980338976.0,256324389376.0,337147253168.0,38137548560.0,2349315584.0,20891976972.0
2022-08-04,163583592896.0,0.0,543543757728.0,369595349696.0,10777207232.0,102393485184.0,131435332144.0,38990305824.0,12855465024.0,8761299864.0
2022-08-05,1283155049472.0,52210501632.0,2969157592000.0,645543598976.0,69799464864.0,309407667328.0,43545653952.0,117236236928.0,91320022784.0,26587169920.0
2022-08-06,642084595136.0,479547355136.0,1433118073728.0,62428103424.0,242393469624.0,1376514167744.0,23062834448.0,181894704.0,0.0,123570593360.0
2022-08-07,172473773664.0,318622987008.0,686531867632.0,77247335680.0,554352465336.0,139527526976.0,161435713184.0,72735377344.0,2168598784.0,11652562640.0
2022-08-08,50731960384.0,303124857344.0,304883344352.0,135076284864.0,386180364108.0,428490668192.0,219313902288.0,1490603264.0,0.0,117668108852.0
2022-08-09,0.0,0.0,0.0,0.0,0.0,0.0,0.0,0.0,0.0,0.0
2022-08-10,7386482944.0,0.0,3038118183136.0,48796071168.0,179984964860.0,22541685376.0,350099415888.0,4087393712.0,0.0,36125688032.0
2022-08-11,1320924800.0,9214948224.0,1523081321056.0,130149593600.0,234357655452.0,108741662720.0,279500908096.0,0.0,0.0,88439360192.0
2022-08-12,0.0,87482542080.0,587942649536.0,9651398464.0,1433087353792.0,808041630464.0,59138777648.0,0.0,0.0,54403191484.0
2022-08-13,170426292416.0,286029802752.0,346811064944.0,237656992864.0,739857113294.0,1948659606400.0,924543849062.0,0.0,0.0,21765508256.0
2022-08-14,416083556032.0,53538372608.0,46589333504.0,3569410835200.0,204873671758.0,431581075072.0,30346001104.0,19900806656.0,0.0,327510736448.0
2022-08-15,814037864288.0,108895893248.0,1324871484672.0,1425546974976.0,412183500576.0,726626031744.0,431091010764.0,96728252416.0,75203616256.0,213998174880.0
2022-08-16,414068836096.0,117034010880.0,1327034773888.0,1831628119168.0,710534257056.0,1044678407296.0,664212232416.0,112700869504.0,66050233856.0,42226453056.0
2022-08-17,861814843648.0,30312447488.0,1620079889696.0,3707411561728.0,410890440416.0,318651857664.0,626224172588.0,189059684096.0,190156797952.0,248270155408.0
2022-08-18,1452322210880.0,323838305280.0,1213486778112.0,2005250749344.0,1525345158336.0,220039256448.0,1065610252464.0,28503678824.0,7464035360.0,163729379936.0
2022-08-19,2059638500224.0,602274961408.0,1315084579808.0,1138973904400.0,1672833356150.0,719049607808.0,37377244560.0,56833151008.0,5276848032.0,4730879472.0
2022-08-20,2472852364480.0,653367642112.0,3543892596736.0,152744820128.0,149519962768.0,2313461031680.0,312994320896.0,7945116448.0,1627910656.0,86283429584.0
2022-08-21,551433828096.0,480074387456.0,2358599190656.0,1093275012992.0,194278587820.0,2163036531552.0,405480745242.0,8528945296.0,5858189184.0,180636152448.0
2022-08-22,706529702368.0,613047660544.0,285807242112.0,203904446016.0,381174325562.0,1188775971648.0,8852792624.0,38109569184.0,27370579712.0,113341490304.0
2022-08-23,579702411648.0,438662432768.0,858823686824.0,103145418496.0,513198221472.0,1145658056288.0,52427722432.0,73264212768.0,542149696.0,181924708800.0
2022-08-24,22419379776.0,48021512320.0,718381549632.0,12937055744.0,107723833628.0,332116496992.0,350414514560.0,44822756192.0,6352876736.0,179462129768.0
2022-08-25,29526619936.0,82210703872.0,5411179776.0,1599075967104.0,347258296856.0,241245746304.0,678237645192.0,51090461760.0,23012284192.0,31739615108.0
2022-08-26,1039380581312.0,50371788800.0,8254757536.0,793482825320.0,201018281020.0,128927054016.0,1199171917056.0,75536434528.0,56181014528.0,31360277932.0
2022-08-27,1882400772480.0,411918504192.0,1380221788800.0,161055436736.0,611628814402.0,25810749408.0,801236676922.0,205004384.0,0.0,344258696784.0
2022-08-28,828387229920.0,779100217344.0,1889769092064.0,237922268992.0,952937597256.0,706981086880.0,145985176748.0,0.0,0.0,331283177408.0
2022-08-29,39977268416.0,67958360576.0,755178048928.0,563564518816.0,554376841424.0,1154308898432.0,743763934510.0,13948539248.0,14171973120.0,179553401984.0
2022-08-30,68835964864.0,3386094336.0,508248666688.0,1423801198784.0,222034797956.0,25147016064.0,726111636884.0,11649307200.0,6005942336.0,114593459516.0
2022-08-31,1240176376000.0,698620817408.0,424805983136.0,1005478299776.0,1069245769088.0,21403085440.0,1633725670840.0,956734320.0,7713570560.0,66297630944.0
2022-09-01,134866221952.0,191049909760.0,51950751488.0,438240984832.0,1999917887570.0,143126946048.0,226494897656.0,0.0,820474432.0,31345063856.0
2022-09-02,1150805632.0,5214931456.0,63769770176.0,1627850043840.0,220793232777.0,11319985536.0,126434529660.25,5069703472.0,2596603392.0,416813990800.0
2022-09-03,513030428032.0,117137693568.0,184364967616.0,1687387911104.0,1251414825040.0,41561316096.0,846595250624.0,331986096.0,62588321024.0,876419725696.0
2022-09-04,185307744000.0,183290302464.0,52296532672.0,420095841920.0,887059872768.0,14450524288.0,722997984064.0,154786041088.0,44272214528.0,492363263440.0
2022-09-05,329721864448.0,15690397568.0,20720286496.0,763690192320.0,61901896128.0,1569397760.0,341679789908.0,205701084160.0,200942008320.0,460797467816.0
2022-09-06,2472620625792.0,78704073728.0,638673533664.0,1691703539008.0,23188759632.0,160689606912.0,505239572960.0,594571282432.0,222525553280.0,358445921920.0
2022-09-07,2490319672192.0,217001815168.0,362532018832.0,2130356397952.0,581449878048.0,70275879936.0,820185001124.0,512384583168.0,35925607040.0,380836300704.0
2022-09-08,5116798758912.0,711471976448.0,166310968944.0,1302563623488.0,844353569152.0,640656749184.0,537709049192.5,539828786688.0,458035388416.0,178772670496.0
2022-09-09,1154516114432.0,549189667840.0,501254061568.0,553573256704.0,337607521688.0,2257066733056.0,251712443888.0,240618963456.0,237456957440.0,119408212576.0
2022-09-10,1522595394560.0,510346792960.0,341229295584.0,510864748800.0,83230213952.0,2881525062656.0,347241820880.0,58778130448.0,235878727680.0,158012758032.0
2022-09-11,375609774080.0,262047780864.0,95853003040.0,48933060224.0,125533850284.0,2567376640768.0,694840617952.0,0.0,649150848.0,779602900480.0
2022-09-12,826670352128.0,3858601184.0,800596530048.0,748245994624.0,0.0,99791697152.0,3559441051712.0,356810435072.0,160247392512.0,373894469648.0
2022-09-13,1704894742720.0,142872462336.0,4468993555456.0,6638192958720.0,78674614400.0,1245924220800.0,5019045688960.0,63157221856.0,308369698816.0,305015230176.0
2022-09-14,4676168558848.0,1154097815552.0,2468376274880.0,5580721726464.0,1213015300639.0,383084476864.0,1681879966496.0,82895998208.0,529068265472.0,69658312224.0
2022-09-15,1357669183936.0,844397303808.0,1725660405504.0,1157205740736.0,2108829037128.75,1078171760640.0,387058578306.0,9287987568.0,14860870208.0,13683017512.0
2022-09-16,445878046336.0,214279659520.0,1527511382272.0,54335700992.0,1148792725776.0,216548459520.0,116549831552.0,101981968960.0,35475899392.0,4092086960.0
2022-09-17,596728271488.0,754275801088.0,1184532057152.0,11867776064.0,1614451218080.0,677326794880.0,683569812736.0,2216507648.0,2703392704.0,26147829176.0
2022-09-18,1893695148288.0,164856491776.0,883999291840.0,184416797536.0,30556921408.0,1760579950208.0,538185259478.0,262296300512.0,284044574720.0,3798942632.0
2022-09-19,285254654208.0,415280062464.0,913236221920.0,0.0,88568400918.0,1394791832192.0,218703530328.0,0.0,0.0,112435842944.0
2022-09-20,63011286912.0,83216052480.0,167276165184.0,117226679584.0,60586683584.0,387682180608.0,43585202624.0,7287852544.0,21199354432.0,118876503728.0
2022-09-21,0.0,0.0,498566347008.0,8989271760.0,119241916480.0,193480542464.0,77442680178.0,957291760.0,6356328448.0,341897362224.0
2022-09-22,44132524928.0,17102002176.0,170804432928.0,149407154392.504,648361951472.0,104646896576.0,621145173690.5,36461329248.0,14265181312.0,399141455264.0
2022-09-23,1062412427136.0,2163332864.0,1611254839488.0,3211435408640.0,230287042953.5,158196703936.0,1172566062656.0,324202836992.0,304953933824.0,690045840.0
2022-09-24,3078116326656.0,712204233216.0,2308251209728.0,3512849659616.0,1524178016472.0,947455717120.0,900174076744.0,52047919392.0,167901585408.0,10824736520.0
2022-09-25,720701017856.0,415641228288.0,548065855232.0,1258300991616.0,3988433944928.0,514346324864.0,1313459276015.5,55117833360.0,0.0,646202433536.0
2022-09-26,1910034663552.0,244803760896.0,2047297445024.0,1916045707904.0,3544171656692.0,779907301248.0,593622842232.0,296364553216.0,334145798144.0,79207932544.0
2022-09-27,2802855262208.0,524187054080.0,1854872478144.0,1138894875768.504,536458112622.0,935361416832.0,206284303840.0,285003455488.0,130436976640.0,354134712672.0
2022-09-28,1326445694464.0,350913548288.0,1523827096224.0,2281029230624.0,1043358043976.0,2544666953728.0,377175813052.0,122143900928.0,69885699584.0,139429339216.0
2022-09-29,1134224737664.0,499635441664.0,667163716976.0,2257909920160.0,1549765466078.0,859375208832.0,1860775312169.5,48435125824.0,20299697152.0,118840030128.0
2022-09-30,221108984448.0,551266203648.0,506314756096.0,1370145733440.0,3430053261024.0,764088613760.0,1551955672128.0,14342063888.0,10830031744.0,1075227705344.0
2022-10-01,2256844251136.0,544289882112.0,298552949936.0,2458148376016.0,726882266304.0,1200539251712.0,46206822784.0,169910853888.0,94715571712.0,169653368576.0
2022-10-02,816482311760.0,309723277056.0,982853178400.0,685225935824.0,27942038800.0,442127588496.0,42911130870.0,0.0,72138015232.0,108260673280.0
2022-10-03,543886016.0,2419139328.0,379494070768.0,91586628735.17212,22565317392.0,140174747632.0,671481689368.0,89685782432.0,29450490880.0,866021803784.0
2022-10-04,436817859328.0,0.0,362000079180.0,111530026368.0,127141987968.0,183396333568.0,155739773216.0,161925329152.0,60090670080.0,1196310151168.0
2022-10-05,740446776992.0,146975426048.0,2844118508544.0,135151183744.0,3859634368.0,1801063911936.0,198315174720.0,183833042688.0,48984368896.0,581073619104.0
2022-10-06,2219580480.0,0.0,1128315603328.0,126379526016.0,125519387650.0,1835153952.0,676369028404.0,0.0,0.0,145450296320.0
2022-10-07,1209874496.0,806379776.0,585074771200.0,208824666432.0,133200386344.0,2696207104.0,1135571275808.1885,78583621088.0,2273925408.0,39053268224.0
2022-10-08,218550560896.0,50424932096.0,592780126784.0,1157507933312.0,193738522400.0,210544922400.0,466059429832.5,1430630496.0,0.0,99794539600.0
2022-10-09,60463587200.0,177623733248.0,366049163008.0,551958628400.0,1716323842348.0,74341572608.0,1009916942000.0,678767712.0,0.0,546604449792.0
2022-10-10,309038916640.0,112307131008.0,774848362176.0,756087773696.0,2474389707264.0,38369391824.0,912527828698.0,54089351936.0,10807771744.0,22080257656.0
2022-10-11,35869978688.0,59898570752.0,728905342528.0,537462913472.0,365801154860.0,167358925616.0,1264010097928.0,902272640.0,437011712.0,558672776064.0
2022-10-12,39406134240.0,62642074624.0,110060810800.0,1327541220160.0,2103311245504.0,241470976.0,937757783400.0,73476048724.0,9732258048.0,486631599688.0
2022-10-13,1044665373376.0,45269838592.0,1496098616176.0,2877036576768.0,2432753102304.0,34819671552.0,1255873393828.489,227216725056.0,152382402560.0,398916192032.0
2022-10-14,633680620768.0,178483018880.0,224408364024.0,2873979631744.0,502835690731.5,113282084704.0,716351826400.0,4801215360.0,58804890112.0,160122360000.0
2022-10-15,1088468147968.0,422673585152.0,942192548736.0,909000124320.0,162871546112.0,89107978976.0,1664765314048.0,27531344896.0,2579930368.0,309966761152.0
2022-10-16,719471598432.0,72746734592.0,1006422877528.0,1575397905280.0,26397748176.0,371794266432.0,1322811982948.5,16662301216.0,20772273280.0,486371255912.0
2022-10-17,1107724901632.0,0.0,540892342976.0,2023766960000.0,0.0,149001527536.0,1657218662324.0,339413478400.0,155027122176.0,135980009176.0
2022-10-18,0.0,0.0,0.0,575521124352.0,0.0,0.0,627066882125.5,0.0,0.0,326511454208.0
2022-10-19,0.0,0.0,823012835328.0,0.0,0.0,0.0,344766289049.0,0.0,0.0,0.0
2022-10-20,0.0,0.0,0.0,665569320960.0,0.0,0.0,2967420564408.0,0.0,0.0,20441481216.0
2022-10-21,460536127488.0,909412392960.0,0.0,0.0,195918855008.0,0.0,194563083668.0,0.0,0.0,0.0
2022-10-22,0.0,0.0,283797098496.0,0.0,0.0,732534366208.0,188912789368.0,0.0,0.0,0.0
2022-10-23,0.0,0.0,0.0,593661640704.0,0.0,0.0,28106480008.0,0.0,0.0,0.0
2022-10-24,0.0,0.0,0.0,0.0,0.0,0.0,7888906680.0,0.0,0.0,0.0
2022-10-25,0.0,0.0,0.0,696711741440.0,368055520.0,0.0,42587636922.0,0.0,0.0,49882520576.0
2022-10-26,0.0,0.0,0.0,0.0,0.0,0.0,152349375572.5,0.0,0.0,0.0
2022-10-27,0.0,0.0,0.0,0.0,0.0,0.0,2778143616.0,0.0,0.0,76723804160.0
2022-10-28,870998869888.0,0.0,1174988164400.0,1587197397376.0,21372291312.0,471102186368.0,3129988979752.0,284245056000.0,99127625728.0,600951847008.0
2022-10-29,1174589237760.0,76991243136.0,2473832245504.0,2498980860544.0,0.0,1326497927808.0,4369454080784.0,194958821376.0,167298766848.0,854433974272.0
2022-10-30,0.0,0.0,0.0,589328765952.0,0.0,0.0,439379012850.0,24141502464.0,0.0,290947154632.0
2022-10-31,720979767680.0,38268792832.0,102974553984.0,342335410064.0,23842620544.0,23378008416.0,466096230122.0,20660442272.0,49990713088.0,0.0
2022-11-01,0.0,0.0,0.0,0.0,661469932.0,0.0,161325212520.0,0.0,0.0,0.0
2022-11-02,0.0,0.0,0.0,0.0,0.0,0.0,1048160686288.0,0.0,0.0,17263443968.0
2022-11-03,0.0,0.0,194368540672.0,0.0,10486177344.0,0.0,41074758096.0,0.0,0.0,0.0
2022-11-04,875532663296.0,6280140800.0,5209363904.0,1108896418240.0,3830993462656.0,0.0,467496721028.0,109550757184.0,40084040448.0,348239287536.0
2022-11-05,456276286176.0,417826844928.0,3163455683968.0,1650429501184.0,3658904956332.0,1983124814848.0,558228194869.0,0.0,0.0,91368773632.0
2022-11-06,370913975360.0,29535885824.0,1627776712640.0,3471510827520.0,353422022288.0,427257403136.0,309160599232.0,377503986688.0,301903208448.0,197485662016.0
2022-11-07,603301401216.0,343449789056.0,1866220748928.0,1333364207104.0,43880972064.0,390996882432.0,802714854272.0,97270333504.0,73359898624.0,1048415752320.0
2022-11-08,556085270848.0,0.0,857928939304.0,2572696642560.0,4472486080.0,75206442496.0,1858318389099.0,115269308224.0,73434250752.0,155669291440.0
2022-11-09,1837374603296.0,29360157312.0,2107038576960.0,3087059859648.0,149784787872.0,897580705248.0,985676369352.0,31352999936.0,59360638976.0,156584507392.0
2022-11-10,161824614912.0,39226507264.0,483555550032.0,152813890176.0,2822155520.0,542902099008.0,509001931392.0,115938046848.0,26813007488.0,721894419776.0
2022-11-11,469808264448.0,80431427456.0,1762346518528.0,163271639040.0,106294415576.0,1721459017216.0,1258856725072.0,10190904288.0,14909526400.0,61094939264.0
2022-11-12,3583358464.0,0.0,842063533376.0,3290350848.0,966527831168.0,3428067840.0,396753842900.0,697571008.0,0.0,773467831936.0
2022-11-13,45897830656.0,0.0,55763370304.0,902266189184.0,1657901696096.0,106890969600.0,1280052120576.0,54617254272.0,4319543680.0,911087186432.0
2022-11-14,18582271744.0,21612503808.0,117330370688.0,1966535318557.7124,1389050082304.0,295255232.0,2112465265840.0,5532444096.0,0.0,587234450688.0
2022-11-15,320541099136.0,19176416896.0,39197984032.0,4163857903104.0,890884883836.0,0.0,1809687435272.0,109106531008.0,179730462720.0,238303614032.0
2022-11-16,1910964775552.0,356552191488.0,2925768960.0,2589820372544.0,1863725458440.0,376657199328.0,2311425948832.0,640872877056.0,161519619072.0,181992634752.0
2022-11-17,552465471104.0,48107308672.0,0.0,1472985612672.0,462963902224.0,92955577856.0,413307676884.0,308879531840.0,139516808960.0,50658815905.46389
2022-11-18,675681276928.0,408684906496.0,78024350976.0,372674229184.0,476142907724.0,90615281920.0,311836100064.0,6556142848.0,28090986816.0,56651527296.0
2022-11-19,203832758592.0,11154041728.0,429700247392.0,1039722820032.0,1281356063232.0,161603668288.0,2352555264320.0,5103211904.0,12937270592.0,424384099456.0
2022-11-20,63491749504.0,170344462208.0,857605949888.0,183458048960.0,2064581004096.0,34450941504.0,1537058761800.0,49424853056.0,148060325888.0,122212354137.40375
2022-11-21,399014084032.0,119954611840.0,391589591232.0,5491626631168.0,191857202767.75,50732859264.0,5849083350784.0,15182401088.0,104004631040.0,945456514048.0
2022-11-22,1748652426240.0,426134198656.0,368974238144.0,1539118621696.0,3339838514240.0,30050490112.0,5983365131360.0,199811950592.0,9069814016.0,105732919304.0
2022-11-23,322716853248.0,670958506496.0,2209732563712.0,1817971155584.0,612329865152.0,547339070816.0,2649015697020.1377,2411372256.0,73625926656.0,575545252656.0
2022-11-24,193843703296.0,151615899264.0,175232016421.52142,1127971372288.0,21050341952.0,1160813411328.0,1747393498880.0,11916310024.0,83578182144.0,521913360640.0
2022-11-25,293934632256.0,30490321920.0,806250244816.0,881951118144.0,882989869216.0,398095364352.0,487834216776.0,219553797120.0,103298584576.0,72023660576.0
2022-11-26,80839010752.0,13120957568.0,441054261312.0,4029290658912.0,5284437410960.0,45258105056.0,3070000457440.0,141718660608.0,31986170880.0,1417725203456.0
2022-11-27,1231301668544.0,0.0,67504900864.0,6005682210003.404,581544527304.0,31946355232.0,2092679834256.0,637736906752.0,480469127168.0,321429414144.0
2022-11-28,2830725475840.0,259604480000.0,815760207584.0,4083389132096.0,1095506026963.0,37330103776.0,884412881088.0,637115740160.0,264461873152.0,34439596288.0
2022-11-29,1733483939840.0,644946380800.0,117049973056.0,838927667584.0,4240455038336.0,30876105984.0,1641241207799.0,74905870208.0,12277178880.0,664900760192.0
2022-11-30,589122051840.0,180159480832.0,816819857344.0,352774948736.0,2237169793856.0,38301085344.0,1629601304482.5,0.0,0.0,413181138720.0
2022-12-01,268538989888.0,101380310016.0,937303240858.2136,0.0,648981931698.7656,242799516416.0,460507024160.0,0.0,0.0,613930414656.0
2022-12-02,957235865811.5388,581864932352.0,211244036368.0,89168630656.0,452402985246.0,4448140634.417175,50444850968.0,14793590784.0,63609276416.0,365245377184.0
2022-12-03,635334904268.9768,44102310144.0,74345181563.99173,1484155160256.0,3191865353510.0,794948326656.0,194002288991.0,30888332096.0,0.0,561264622336.0
2022-12-04,762622168013.9158,472554332160.0,86479231176.0,1411408600704.0,2117523002284.0,412118120576.0,135923005186.0,0.0,0.0,197253317664.0
2022-12-05,1399652935936.0,21543890944.0,1423243651968.0,181953470393.8241,135562966464.0,647887300448.0,3413330386922.0,18833314816.0,141569087488.0,120998340608.0
2022-12-06,49073570624.0,182836342272.0,255426317504.0,35974696192.0,159184965436.0,572790651120.0,443312461994.0,1201977728.0,0.0,61243060320.0
2022-12-07,65994477952.0,0.0,601222479712.0,0.0,72083799390.5,890732715072.0,383642462104.0,19191480640.0,0.0,1998449808.0
2022-12-08,262434638400.0,0.0,361028288528.0,653208930560.0,120670003209.0,98485436928.0,6076905528896.0,12058939623.4776,0.0,137342976.0
2022-12-09,208200084224.0,789898344448.0,449398846944.0,2157472359424.0,3179535940732.0,34612942592.0,3437704003456.0,22549329072.0,0.0,808257560.0
2022-12-10,138388133888.0,265075638528.0,37646729456.0,652316158336.0,4691111689472.0,686083408896.0,931193396747.0,50477508480.0,0.0,1311956424.5754395
2022-12-11,10097362944.0,416865460224.0,5055860992.0,98943140992.0,827894471296.0,2284922916736.0,2739353858570.9307,8690128928.0,0.0,10075776000.0
2022-12-12,67986090496.0,10116476800.0,318009953408.0,1604343390208.0,360410958328.0,996390815232.0,5546496366208.0,7800100816.0,0.0,293130739776.0
2022-12-13,0.0,0.0,1349438979456.0,1116890786752.0,3437212609600.0,231281718144.0,4014848799808.0,5478818688.0,28850276864.0,738962958480.0
2022-12-14,821107825920.0,51135144192.0,116303920192.0,1963977830257.774,1584636021094.5967,67525006336.0,3213362150992.0,0.0,74670833408.0,254419647872.0
2022-12-15,248199581440.0,293099064320.0,0.0,3150159463296.0,1561088878529.0,268844500480.0,2594506858395.187,23622752896.0,0.0,17588753536.0
2022-12-16,503652757120.0,913088028672.0,674252800.0,761225753696.0,2074472257952.0,1367920722010.4172,230336412344.0,992717120.0,0.0,86803843280.0
2022-12-17,0.0,29343500800.0,283407128959.4934,6014084928.0,18297664000.0,567033762304.0,431088101888.0,0.0,0.0,155460209264.0
2022-12-18,785377087744.0,0.0,684991524992.0,4626480606208.0,0.0,19123129344.0,2994973016832.0,439315009536.0,649666658304.0,1220070301184.0
2022-12-19,5402954758144.0,293044403712.0,1800317929088.0,3637437490176.0,217809883392.0,638212780544.0,2794304332048.0,712021370880.0,277633744896.0,143096101920.0
2022-12-20,3554501768192.0,590662751232.0,2717662508032.0,2451624162688.0,116091547008.0,2800228855808.0,1860784494168.0,335538016512.0,245460078592.0,18553222168.0
2022-12-21,2418509872128.0,460243507200.0,799020707600.0,1485941794560.0,341403547648.0,1748398589952.0,1161677091624.4585,69409428608.0,34621086080.0,83971279788.0
2022-12-22,732432553856.0,150281828864.0,415238698912.0,2170872626688.0,132476799656.0,514421291392.0,2219370528364.0,22099512832.0,77047265280.0,268087565600.0
2022-12-23,2173320116736.0,288098629504.0,168158943840.0,4534617074560.0,653631690679.0,801622010012.4419,3186051351917.4883,96975368560.0,153151582208.0,668084359360.0
2022-12-24,586913990400.0,470636182528.0,82257578976.0,2397955639744.0,510007872952.0,655387977216.0,2229407779694.0,171856246400.0,0.0,481105680832.0
2022-12-25,2385475306496.0,257340267008.0,116836875232.0,1482338334080.0,16629708604.0,177112638480.0,1314983475445.3015,380477863936.0,204040019968.0,186450662976.0
2022-12-26,2012526814976.0,211919029504.0,2470069044736.0,1188584558464.0,6509869312.0,2237020977152.0,111221020608.0,179051946496.0,15149472384.0,19723489896.0
2022-12-27,28267223521.38275,33781543936.0,1200057392064.0,457027498240.0,0.0,503096087040.0,315380229888.0,32853774208.0,6720750848.0,559140972800.0
2022-12-28,2122399367653.1235,0.0,823543552384.0,2265311115008.0,2794576128.0,819384346368.0,2068038703906.0,271386386432.0,298160599040.0,904529294592.0
2022-12-29,555728060957.1624,35931346176.0,2328512717760.0,921681545966.4089,0.0,2216162125568.0,3461486051904.9883,80237468032.0,52558928896.0,129363781528.0
2022-12-30,1155303770944.0,328307594240.0,1262621125472.0,3014325486848.0,629360016592.0,130923918720.0,3365702373495.5,343735541632.0,185215477760.0,946970532608.0
2022-12-31,3106635787008.0,160053875968.0,4107996657664.0,4826433970048.0,120327139072.0,1914785206784.0,3387243293608.0,702292771840.0,382744727552.0,730140561176.0
